frequency,intensity,lower_state,upper_state
-39.51032336254396,8.332402739731334e-05,"(5, 19, 2)","(3, 18, 3)"
-39.50931395594077,8.332573390674461e-05,"(5, 19, 1)","(4, 18, 0)"
-39.4426868733277,7.416610912117503e-06,"(4, 19, 1)","(2, 18, 0)"
-39.400299242783476,5.619545673473074e-06,"(4, 19, 3)","(1, 18, 2)"
-38.83604060260709,7.328748527421118e-07,"(3, 19, 3)","(0, 18, 2)"
-38.20193387002848,4.198938862719741e-06,"(3, 19, 2)","(0, 18, 3)"
-38.18694013758633,1.0095596049013223e-06,"(4, 19, 0)","(2, 19, 1)"
-37.81874880414196,6.651896168675439e-07,"(4, 18, 3)","(2, 18, 2)"
-37.79351458823514,1.2717064298712246e-05,"(6, 19, 1)","(4, 19, 0)"
-37.7935104374573,1.2717064943181633e-05,"(6, 19, 2)","(5, 19, 3)"
-37.40561082378362,9.465824047715513e-06,"(6, 18, 2)","(4, 18, 3)"
-37.40560951912737,9.465824196938263e-06,"(6, 18, 1)","(5, 18, 0)"
-36.77973715178486,7.739355588418125e-07,"(5, 18, 0)","(2, 18, 1)"
-36.70915976359467,1.3119005270598113e-06,"(5, 19, 3)","(2, 19, 2)"
-36.53155859367715,0.0203615523596899,"(9, 19, 2)","(8, 18, 3)"
-36.53155859367715,0.020361552359691407,"(9, 19, 1)","(9, 18, 0)"
-36.33011699937724,0.0001665129378054733,"(5, 19, 3)","(3, 18, 2)"
-36.3133209323683,0.00016659487259429258,"(4, 19, 0)","(3, 18, 1)"
-34.99863840840753,4.842491121869149e-05,"(3, 19, 0)","(1, 18, 1)"
-34.82268253703512,0.026304123288859935,"(9, 19, 3)","(8, 18, 2)"
-34.82268253703512,0.02630412328885996,"(8, 19, 0)","(8, 18, 1)"
-34.56128605335947,2.951010493203541e-05,"(5, 19, 0)","(4, 19, 1)"
-34.56116901762067,2.9510158649988234e-05,"(6, 19, 3)","(4, 19, 2)"
-34.274452860420965,3.4178154499057397e-06,"(4, 19, 1)","(1, 19, 0)"
-34.18560678581029,2.2960725021066767e-05,"(5, 18, 3)","(4, 18, 2)"
-34.18556422412722,2.296073996052477e-05,"(6, 18, 0)","(4, 18, 1)"
-33.659805831377426,2.56291812348076e-06,"(4, 18, 2)","(1, 18, 3)"
-33.544339821733345,9.637642399188673e-06,"(2, 19, 1)","(0, 18, 0)"
-33.171623327219535,0.00033923324480629127,"(4, 19, 2)","(2, 18, 3)"
-33.15950189664002,0.03332828923026885,"(8, 19, 2)","(7, 18, 3)"
-33.159501896639995,0.033328289230269634,"(8, 19, 1)","(8, 18, 0)"
-32.990270853428584,0.0003424980314577874,"(4, 19, 1)","(3, 18, 0)"
-32.8343785645456,8.97231119513184e-05,"(3, 19, 1)","(1, 18, 0)"
-32.52671023413778,5.03128527655248e-05,"(2, 19, 0)","(0, 18, 1)"
-32.20981462099595,1.1923958167089322e-05,"(2, 19, 3)","(0, 18, 2)"
-31.777957729112373,6.208984064590475e-06,"(3, 19, 0)","(1, 19, 1)"
-31.593186400876476,9.356481940815613e-07,"(2, 19, 0)","(0, 19, 1)"
-31.541989518464504,0.041404416910256266,"(7, 19, 0)","(7, 18, 1)"
-31.541989518464447,0.04140441691025958,"(8, 19, 3)","(7, 18, 2)"
-31.341945820602874,6.725804835440014e-05,"(5, 19, 1)","(3, 19, 0)"
-31.3395351891442,6.726143426149913e-05,"(5, 19, 2)","(4, 19, 3)"
-30.984882710752245,5.407280081240464e-05,"(5, 18, 2)","(3, 18, 3)"
-30.983873451012613,5.407390694922809e-05,"(5, 18, 1)","(4, 18, 0)"
-30.90903242229689,1.1475405535267344e-05,"(4, 19, 2)","(2, 19, 3)"
-30.902148675657884,4.429423247869748e-06,"(3, 19, 1)","(0, 19, 0)"
-30.877337485168795,6.5062145394978275e-06,"(4, 18, 1)","(2, 18, 0)"
-30.79946958657318,5.687891686648829e-06,"(3, 18, 3)","(1, 18, 2)"
-30.234211279924637,0.0006870938119135488,"(4, 19, 3)","(2, 18, 2)"
-29.97008849721871,0.050414502131866365,"(7, 19, 2)","(6, 18, 3)"
-29.970088497218597,0.05041450213186404,"(7, 19, 1)","(7, 18, 0)"
-29.8281399842352,1.2655501607874129e-06,"(2, 18, 3)","(0, 18, 2)"
-29.522914769225878,5.0164232905705355e-06,"(3, 18, 2)","(0, 18, 3)"
-29.29047086597926,1.4411597035276315e-06,"(6, 18, 1)","(4, 19, 0)"
-29.29046671515995,1.4411597765548685e-06,"(6, 18, 2)","(5, 19, 3)"
-29.192660625632115,0.0008001671372397528,"(3, 19, 0)","(2, 18, 1)"
-29.123922385839094,0.00014732693910991131,"(2, 19, 2)","(0, 18, 3)"
-28.47897439399702,0.0011641095458026854,"(9, 19, 2)","(9, 19, 3)"
-28.478974393996992,0.0011641095458022786,"(9, 19, 1)","(8, 19, 0)"
-28.44368778242975,0.060133353090703834,"(7, 19, 3)","(6, 18, 2)"
-28.44368778242304,0.06013335309071093,"(6, 19, 0)","(6, 18, 1)"
-28.19204642156319,2.7353247538939863e-06,"(2, 19, 2)","(0, 19, 3)"
-28.119819527351297,0.0001533303884744592,"(4, 19, 0)","(3, 19, 1)"
-28.085048853614765,0.00015349626704730035,"(5, 19, 3)","(3, 19, 2)"
-28.08041031512667,0.001110227127252192,"(3, 19, 2)","(1, 18, 3)"
-27.787860042931328,0.0001262566497900426,"(4, 18, 3)","(3, 18, 2)"
-27.77106971852818,0.00012631863529993966,"(5, 18, 0)","(3, 18, 1)"
-27.4946580277728,0.0008107789421742481,"(3, 19, 3)","(1, 18, 2)"
-26.96257594845531,0.07021331550242772,"(6, 19, 2)","(5, 18, 3)"
-26.962575947920726,0.07021331550278802,"(6, 19, 1)","(6, 18, 0)"
-26.924397086741095,6.463226759339932e-05,"(4, 19, 3)","(1, 19, 2)"
-26.76677286790843,0.0031138758179296614,"(9, 19, 3)","(8, 19, 2)"
-26.7667728679084,0.003113875817930832,"(8, 19, 0)","(8, 19, 1)"
-26.401408792262387,4.887219232819783e-05,"(4, 18, 0)","(1, 18, 1)"
-26.346278116319297,0.0018666250067286784,"(9, 18, 0)","(8, 18, 1)"
-26.346278116319183,0.0018666250067288167,"(8, 18, 3)","(8, 18, 2)"
-26.048482305376282,4.034507028586187e-06,"(6, 18, 0)","(4, 19, 1)"
-26.048365266798555,4.034514374661345e-06,"(5, 18, 3)","(4, 19, 2)"
-26.033762739587416,5.065347744782268e-06,"(2, 18, 1)","(0, 18, 0)"
-25.709103472262058,7.479740943717142e-07,"(4, 18, 1)","(1, 19, 0)"
-25.597768098139625,3.8565403507398394e-05,"(3, 19, 3)","(0, 19, 2)"
-25.526349863366676,0.08017312925262178,"(6, 19, 3)","(5, 18, 2)"
-25.5263498314646,0.08017312928147602,"(5, 19, 0)","(5, 18, 1)"
-25.261291858157946,0.002880791292066835,"(3, 19, 1)","(2, 18, 0)"
-25.23636363493968,9.754480723201562e-05,"(3, 19, 2)","(1, 19, 3)"
-25.09961836452777,0.006139306128471087,"(8, 19, 2)","(8, 19, 3)"
-25.099618364527743,0.006139306128471927,"(8, 19, 1)","(7, 19, 0)"
-24.93225790794274,0.00035457818072906044,"(4, 19, 1)","(2, 19, 0)"
-24.679596981769777,0.004902151801838383,"(8, 18, 2)","(7, 18, 3)"
-24.67959698176975,0.00490215180183673,"(8, 18, 1)","(8, 18, 0)"
-24.614117739766314,0.00036164726682762764,"(4, 19, 2)","(3, 19, 3)"
-24.606105938786143,0.00029793120049499824,"(4, 18, 2)","(2, 18, 3)"
-24.424921465269676,0.00030078591035176877,"(4, 18, 1)","(3, 18, 0)"
-24.20964024347505,0.00010224901412778702,"(3, 18, 1)","(1, 18, 0)"
-24.134224541137755,0.08938871905295839,"(5, 19, 2)","(4, 18, 3)"
-24.134223120757767,0.08938872079914315,"(5, 19, 1)","(5, 18, 0)"
-24.044591344152664,5.4718157852082615e-05,"(3, 18, 0)","(0, 18, 1)"
-23.477302188420538,0.010574499717053206,"(7, 19, 0)","(7, 19, 1)"
-23.477302188420452,0.01057449971705423,"(8, 19, 3)","(7, 19, 2)"
-23.312397367502967,0.00208387843271036,"(1, 19, 1)","(0, 18, 0)"
-23.291662918546557,0.0020857479723058554,"(1, 19, 3)","(0, 18, 2)"
-23.18072811296723,1.5630017944997239e-06,"(4, 18, 0)","(1, 19, 1)"
-23.05790158992525,0.009488899372842013,"(7, 18, 3)","(7, 18, 2)"
-23.057901589925194,0.009488899372842098,"(8, 18, 0)","(7, 18, 1)"
-22.816505315674718,1.088597394678521e-05,"(5, 18, 1)","(3, 19, 0)"
-22.81409453735249,1.0886522273647121e-05,"(5, 18, 2)","(4, 19, 3)"
-22.78462311317655,0.09707714649982566,"(5, 19, 3)","(4, 18, 2)"
-22.78457618169101,0.09707722523365632,"(4, 19, 0)","(4, 18, 1)"
-22.760520752397028,0.009062060607113023,"(2, 19, 0)","(1, 18, 1)"
-22.69282081047649,0.005811011959385671,"(1, 19, 0)","(0, 18, 1)"
-22.448099434460488,0.0059091031837824595,"(1, 19, 2)","(0, 18, 3)"
-22.343515033863497,2.5116312057222157e-06,"(4, 18, 2)","(2, 19, 3)"
-22.27741035458733,1.2589375811745777e-06,"(3, 18, 1)","(0, 19, 0)"
-22.237409501140306,0.010037910659972078,"(2, 19, 1)","(1, 18, 0)"
-22.057612397593473,0.0007941831869028571,"(3, 19, 0)","(2, 19, 1)"
-21.899516745848103,0.016783632268898584,"(7, 19, 1)","(6, 19, 0)"
-21.899516745847706,0.01678363226890161,"(7, 19, 2)","(7, 19, 3)"
-21.759296977215186,0.00010921297770067773,"(1, 19, 0)","(0, 19, 1)"
-21.633381623714342,0.0006971341047768204,"(3, 18, 3)","(2, 18, 2)"
-21.516223470184585,0.00011098196988670322,"(1, 19, 2)","(0, 19, 3)"
-21.480943939277722,0.01604587256642835,"(7, 18, 2)","(6, 18, 3)"
-21.480943939277637,0.016045872566426107,"(7, 18, 1)","(7, 18, 0)"
-21.47454675890593,0.10224617243082634,"(4, 19, 2)","(3, 18, 3)"
-21.473414270070663,0.10224880126235993,"(4, 19, 1)","(4, 18, 0)"
-20.868432046161658,0.012622256961134537,"(2, 19, 3)","(1, 18, 2)"
-20.595431009486973,0.0008107539674627444,"(4, 18, 0)","(2, 18, 1)"
-20.582365282931434,0.0010308924260012187,"(4, 19, 3)","(2, 19, 2)"
-20.365796246280013,0.025139512078963498,"(6, 19, 0)","(6, 19, 1)"
-20.365796246247243,0.025139512078972397,"(7, 19, 3)","(6, 19, 2)"
-20.305179612252587,0.0005079329059942937,"(2, 19, 1)","(0, 19, 0)"
-20.29792957098129,0.00014515014060108856,"(1, 18, 3)","(0, 18, 2)"
-20.203322518714003,0.10349237249235536,"(4, 19, 3)","(3, 18, 2)"
-20.18399319237544,0.10355691915670807,"(3, 19, 0)","(3, 18, 1)"
-20.09305784525121,0.0013464902491906855,"(3, 19, 1)","(1, 19, 0)"
-19.9483490967761,0.025003676764520564,"(6, 18, 3)","(6, 18, 2)"
-19.948349096769988,0.025003676764525976,"(7, 18, 0)","(6, 18, 1)"
-19.92220717877119,0.00014973410331536776,"(1, 18, 1)","(0, 18, 0)"
-19.57756831351118,2.898592620953267e-05,"(5, 18, 0)","(3, 19, 1)"
-19.542791897168854,2.901732173512533e-05,"(4, 18, 3)","(3, 19, 2)"
-19.53984007310187,0.0011975495501465924,"(2, 19, 0)","(1, 19, 1)"
-19.401391214324065,0.0013319649252266613,"(3, 18, 2)","(1, 18, 3)"
-19.026710422535388,0.09780163939058187,"(3, 19, 2)","(2, 18, 3)"
-19.00239883093728,0.0332777051887832,"(2, 19, 2)","(1, 18, 3)"
-18.971542116528482,0.0006280552167476552,"(2, 19, 3)","(0, 19, 2)"
-18.964084494267297,0.0006641630802674547,"(2, 18, 2)","(0, 18, 3)"
-18.87541238733678,0.03599616400379157,"(6, 19, 1)","(5, 19, 0)"
-18.875412385174258,0.035996164004370945,"(6, 19, 2)","(6, 19, 3)"
-18.808875838258828,0.09900143534738477,"(3, 19, 1)","(3, 18, 0)"
-18.48675740940091,0.0014050866498988793,"(2, 18, 3)","(1, 18, 2)"
-18.45953222615796,0.0367718621942485,"(6, 18, 2)","(5, 18, 3)"
-18.459532225664844,0.03677186219438582,"(6, 18, 1)","(6, 18, 0)"
-18.32857006491396,0.0747182763048173,"(3, 19, 3)","(2, 18, 2)"
-18.3235674305308,1.6318336686030247e-05,"(3, 18, 3)","(1, 19, 2)"
-18.290368447192577,5.042134494840432e-05,"(9, 18, 0)","(8, 19, 1)"
-18.290368447192492,5.0421344948335606e-05,"(8, 18, 3)","(8, 19, 2)"
-18.032208529991394,3.0729791213156464e-06,"(2, 18, 2)","(0, 19, 3)"
-17.42718135178285,0.049659220326531396,"(5, 19, 0)","(5, 19, 1)"
-17.427181244164615,0.049659220373549626,"(6, 19, 3)","(5, 19, 2)"
-17.252574481100993,0.000945038176918256,"(2, 18, 0)","(0, 18, 1)"
-17.01354611254456,0.051702751987537675,"(5, 18, 3)","(5, 18, 2)"
-17.013546083481415,0.05170275200082412,"(6, 18, 0)","(5, 18, 1)"
-16.954542969621613,0.09073947962515748,"(2, 19, 0)","(2, 18, 1)"
-16.76411951761274,0.0044122694200638,"(3, 19, 2)","(2, 19, 3)"
-16.636553537087394,0.0033433186877804394,"(3, 18, 1)","(2, 18, 0)"
-16.619713449657525,0.00020375954816134455,"(8, 18, 2)","(8, 19, 3)"
-16.619713449657496,0.00020375954816138572,"(8, 18, 1)","(7, 19, 0)"
-16.589867479767733,1.661310656151914e-05,"(2, 18, 3)","(0, 19, 2)"
-16.557344534137073,2.9068329273677748e-05,"(3, 18, 2)","(1, 19, 3)"
-16.366908519783834,7.755504004690635e-05,"(4, 18, 1)","(2, 19, 0)"
-16.31905064783969,4.377965051062704e-06,"(2, 18, 0)","(0, 19, 1)"
-16.15835215075029,0.003445661740377301,"(2, 19, 2)","(1, 19, 3)"
-16.048600351332922,7.910507827200755e-05,"(4, 18, 2)","(3, 19, 3)"
-16.01908446760966,0.06636118982572518,"(5, 19, 1)","(4, 19, 0)"
-16.019080432514087,0.06636119268425174,"(5, 19, 2)","(5, 19, 3)"
-15.608783889346043,0.07005939614336325,"(5, 18, 2)","(4, 18, 3)"
-15.608782615829611,0.07005939709906225,"(5, 18, 1)","(5, 18, 0)"
-15.01875587173042,0.009488481380219432,"(3, 19, 3)","(1, 19, 2)"
-14.993214259881256,0.0005395373964073105,"(7, 18, 3)","(7, 19, 2)"
-14.993214259881228,0.0005395373964077948,"(8, 18, 0)","(7, 19, 1)"
-14.726832418994377,0.005450603145510201,"(2, 18, 1)","(1, 18, 0)"
-14.66432279475265,0.10880402812530522,"(2, 19, 1)","(2, 18, 0)"
-14.647494262940072,0.08625364908722777,"(4, 19, 0)","(4, 19, 1)"
-14.647381594164813,0.08625377876946123,"(5, 19, 3)","(4, 19, 2)"
-14.278401862411911,0.01029030927605994,"(3, 18, 0)","(1, 18, 1)"
-14.24236615673064,0.09200054897277143,"(4, 18, 3)","(4, 18, 2)"
-14.242324967850891,0.09200059947721226,"(5, 18, 0)","(4, 18, 1)"
-13.460382781448331,0.00019964506281261395,"(4, 18, 0)","(2, 19, 1)"
-13.410372187907143,0.0011700188332595164,"(7, 18, 1)","(6, 19, 0)"
-13.410372187906717,0.0011700188332591467,"(7, 18, 2)","(7, 19, 3)"
-13.306046134732767,0.10943513453252109,"(4, 19, 1)","(3, 19, 0)"
-13.303758585506174,0.1094395150087295,"(4, 19, 2)","(4, 19, 3)"
-12.926631328735738,0.17914502462840923,"(1, 19, 0)","(1, 18, 1)"
-12.909029370472538,0.11760359991075353,"(4, 18, 2)","(3, 18, 3)"
-12.908064881911756,0.11760556129542121,"(4, 18, 1)","(4, 18, 0)"
-12.794602530106658,6.655408862442622e-05,"(2, 18, 1)","(0, 19, 0)"
-12.326575879558675,0.17625117539892843,"(1, 19, 2)","(1, 18, 3)"
-12.005467046909928,0.2734764842105076,"(1, 19, 1)","(1, 18, 0)"
-11.990491787358437,0.1359990014514794,"(3, 19, 0)","(3, 19, 1)"
-11.98153562672114,0.00025956420972787287,"(3, 18, 3)","(2, 19, 2)"
-11.95825437295153,0.1361102261772337,"(4, 19, 3)","(3, 19, 2)"
-11.950280343712265,0.27332604079664974,"(1, 19, 3)","(1, 18, 2)"
-11.87045756062696,0.002243847606844538,"(7, 18, 0)","(6, 19, 1)"
-11.870457560593593,0.0022438476068458294,"(6, 18, 3)","(6, 19, 2)"
-11.702344083302819,0.0884241524743968,"(2, 19, 3)","(2, 18, 2)"
-11.60249286250371,0.14693706642786866,"(3, 18, 3)","(3, 18, 2)"
-11.586763576230297,0.14699320868853943,"(4, 18, 0)","(3, 18, 1)"
-11.468319524180657,0.00038178780899683905,"(3, 18, 1)","(1, 19, 0)"
-11.314830462679993,0.380905043921412,"(0, 19, 0)","(0, 18, 1)"
-11.312297090871922,0.3809001984564197,"(0, 19, 2)","(0, 18, 3)"
-11.057721183116755,0.0003242184410361794,"(3, 18, 0)","(1, 19, 1)"
-10.750862892772986,0.16531567095595873,"(3, 19, 1)","(2, 19, 0)"
-10.624664390898047,0.5109201829074044,"(0, 19, 1)","(0, 18, 0)"
-10.62461631769083,0.5109201171729931,"(0, 19, 3)","(0, 18, 2)"
-10.469204835082166,0.16766721080851976,"(3, 19, 2)","(3, 19, 3)"
-10.381306629418688,0.06704221927255052,"(0, 19, 0)","(0, 19, 1)"
-10.38042112659602,0.06704396426409195,"(0, 19, 2)","(0, 19, 3)"
-10.372368665080899,0.003945691111263945,"(6, 18, 1)","(5, 19, 0)"
-10.372368662876909,0.0039456911113388265,"(6, 18, 2)","(6, 19, 3)"
-10.347691321732782,0.17972710446170836,"(3, 18, 2)","(2, 18, 3)"
-10.184137517188276,0.18099297456484043,"(3, 18, 1)","(3, 18, 0)"
-10.07323715802221,0.11907531305992658,"(1, 19, 1)","(0, 19, 0)"
-10.05339041407909,0.11915796662458847,"(1, 19, 3)","(0, 19, 2)"
-9.948698938345998,0.04687502901420926,"(2, 19, 2)","(2, 18, 3)"
-9.819494741582972,0.1896912122082827,"(2, 19, 0)","(2, 19, 1)"
-9.705950649440581,0.1606782179286205,"(1, 19, 0)","(1, 19, 1)"
-9.643694250031963,0.07729476966734154,"(0, 18, 3)","(0, 18, 2)"
-9.642007724307248,0.07729880372687661,"(0, 18, 1)","(0, 18, 0)"
-9.496088781845913,0.18907110233738456,"(2, 19, 1)","(1, 19, 0)"
-9.482529199371683,0.16259414332956054,"(1, 19, 2)","(1, 19, 3)"
-9.32066944654207,0.21026826760120607,"(2, 18, 3)","(2, 18, 2)"
-9.315570849152692,0.13819117254947202,"(1, 18, 2)","(0, 18, 3)"
-9.280904263850843,0.1383746490444719,"(1, 18, 0)","(0, 18, 1)"
-8.956546996146997,0.1870296603544841,"(1, 18, 3)","(1, 18, 2)"
-8.914377603799664,0.006489451736331867,"(6, 18, 0)","(5, 19, 1)"
-8.9143774933425,0.006489451743716139,"(5, 18, 3)","(5, 19, 2)"
-8.842560939365484,0.21665657110753642,"(2, 18, 2)","(1, 18, 3)"
-8.676724067920759,0.2221093698147524,"(3, 19, 3)","(2, 19, 2)"
-8.615276858178149,0.1912859825735652,"(1, 18, 1)","(1, 18, 0)"
-8.472424079636497,0.23226834090572027,"(3, 18, 0)","(2, 18, 1)"
-8.392529890119278,0.21644097707728274,"(2, 19, 3)","(1, 19, 2)"
-8.383694884876789,0.0005876074032244286,"(1, 18, 2)","(0, 19, 3)"
-8.347380430589538,0.0005886194094955497,"(1, 18, 0)","(0, 19, 1)"
-8.297681303703328,0.03531551443953707,"(3, 19, 3)","(3, 18, 2)"
-8.211906774853531,0.035197883962939054,"(2, 19, 1)","(3, 18, 0)"
-8.085100416810135,0.001298011743047494,"(3, 18, 2)","(2, 19, 3)"
-7.945875536364937,0.0347436759504568,"(2, 19, 0)","(3, 18, 1)"
-7.686108033423352,0.27942253869682004,"(2, 19, 2)","(2, 19, 3)"
-7.493643962681503,0.010101818373426918,"(5, 18, 1)","(4, 19, 0)"
-7.493639780722376,0.010101818915563276,"(5, 18, 2)","(5, 19, 3)"
-7.48638499936024,0.2662061578889556,"(2, 18, 0)","(1, 18, 1)"
-7.3296338542217825,0.02785389562808339,"(3, 19, 2)","(3, 18, 3)"
-7.292019254900907,0.027839420429854534,"(3, 19, 1)","(4, 18, 0)"
-7.153745712606721,0.3146958515881259,"(2, 18, 1)","(2, 18, 0)"
-7.120653545960323,0.018035295320617418,"(1, 19, 0)","(2, 18, 1)"
-7.059657066513822,0.0018996588985825806,"(1, 18, 3)","(0, 19, 2)"
-6.68304696929043,0.0019604515080863943,"(1, 18, 1)","(0, 19, 0)"
-6.657828632513315,0.020900621922910857,"(4, 19, 3)","(4, 18, 2)"
-6.6552484416981486,0.020900471499920067,"(3, 19, 0)","(4, 18, 1)"
-6.105243049099954,0.014990927275764577,"(5, 18, 0)","(4, 19, 1)"
-6.105124637718902,0.014990956679953683,"(4, 18, 3)","(4, 19, 2)"
-6.098447937499728,0.01499191580058283,"(4, 19, 2)","(4, 18, 3)"
-6.098323434887661,0.014991921290656107,"(4, 19, 1)","(5, 18, 0)"
-6.010855253358528,0.00398791253146834,"(2, 18, 3)","(1, 19, 2)"
-5.998514259178492,0.003817934276847076,"(2, 18, 2)","(1, 19, 3)"
-5.612562439910818,0.010285554932745977,"(5, 19, 3)","(5, 18, 2)"
-5.6125580410452045,0.010285555226465681,"(4, 19, 0)","(5, 18, 1)"
-5.188145943512097,0.0067253487505509755,"(5, 19, 2)","(5, 18, 3)"
-5.188145827295244,0.006725348757506033,"(5, 19, 1)","(6, 18, 0)"
-4.819364275651054,0.004161328929008865,"(6, 19, 3)","(6, 18, 2)"
-4.819364273331786,0.004161328929110292,"(5, 19, 0)","(6, 18, 1)"
-4.74069674657386,0.021287444897954262,"(4, 18, 1)","(3, 19, 0)"
-4.738241197072782,0.021288625338130352,"(4, 18, 2)","(4, 19, 3)"
-4.502876805105473,0.0024079847028005163,"(6, 19, 2)","(6, 18, 3)"
-4.5028768050704855,0.0024079847028007197,"(6, 19, 1)","(7, 18, 0)"
-4.432380340522272,0.005490153383118866,"(1, 19, 1)","(2, 18, 0)"
-4.265704320065083,0.005498928897315028,"(2, 18, 0)","(1, 19, 1)"
-4.236632468783597,0.00127752554317803,"(7, 19, 3)","(7, 18, 2)"
-4.236632468783171,0.0012775255431784227,"(6, 19, 0)","(7, 18, 1)"
-4.019311080763202,0.0005993627047235385,"(7, 19, 2)","(7, 18, 3)"
-4.019311080763146,0.0005993627047240882,"(7, 19, 1)","(8, 18, 0)"
-3.8500305824642282,0.00023028163971941003,"(7, 19, 0)","(8, 18, 1)"
-3.8500305824641714,0.00023028163971936517,"(8, 19, 3)","(8, 18, 2)"
-3.7281832073655323,5.797160337563301e-05,"(8, 19, 1)","(9, 18, 0)"
-3.728183207365504,5.7971603375555124e-05,"(8, 19, 2)","(8, 18, 3)"
-3.393262171213294,0.028899142846745933,"(4, 18, 0)","(3, 19, 1)"
-3.357424716741235,0.028934527074937173,"(3, 18, 3)","(3, 19, 2)"
-3.2728759869673922,0.004093924141815314,"(1, 19, 2)","(2, 18, 3)"
-2.784192380853426,0.003937358199281979,"(1, 19, 3)","(2, 18, 2)"
-2.1261245717024337,0.03673624816987893,"(3, 18, 1)","(2, 19, 0)"
-2.0504980863096165,0.29492674744700137,"(2, 19, 3)","(2, 19, 2)"
-1.985511699699984,0.018944941788594096,"(2, 18, 1)","(1, 19, 0)"
-1.7901857342795608,0.037587776624331694,"(3, 18, 2)","(3, 19, 3)"
-1.6804072165848254,0.33164117758699774,"(2, 18, 0)","(2, 18, 1)"
-1.6714553220921857,0.0013802862471466422,"(2, 19, 3)","(3, 18, 2)"
-1.5486409809392399,0.002059316310336396,"(0, 19, 0)","(1, 18, 1)"
-1.3911933508927774,0.238169306612197,"(2, 19, 2)","(3, 19, 3)"
-1.337375851597855,0.03759456655567546,"(3, 18, 0)","(2, 19, 1)"
-1.1907735359701093,0.0020095514379127933,"(0, 19, 2)","(1, 18, 3)"
-1.0421901517904928,0.2831625209825747,"(1, 18, 1)","(2, 18, 0)"
-1.0102850820447458,0.23230624033954336,"(1, 19, 2)","(2, 19, 3)"
-0.7013296927076027,0.2502243761351265,"(2, 18, 1)","(3, 18, 0)"
-0.15389382936768925,0.20809940763637447,"(2, 19, 1)","(2, 19, 0)"
-0.052613157940854194,0.18526656019393792,"(3, 19, 3)","(3, 19, 2)"
0.01439468207831851,0.20711104662587013,"(1, 19, 0)","(2, 19, 1)"
0.20954096671184175,0.2362884028084178,"(1, 18, 3)","(2, 18, 2)"
0.2111389532257988,0.2303777794415158,"(2, 18, 2)","(2, 18, 3)"
0.24762586865206515,0.1836895715756007,"(2, 19, 0)","(3, 19, 1)"
0.3311765504511328,0.051727501285449264,"(2, 18, 3)","(2, 19, 2)"
0.48528521788990986,0.20871581373768486,"(1, 18, 0)","(1, 18, 1)"
0.5256218123301153,0.178959212831614,"(1, 19, 3)","(1, 19, 2)"
0.5362433536201792,0.2005740953240977,"(3, 18, 0)","(3, 18, 1)"
0.6822659296949922,0.0006418176714392544,"(0, 19, 1)","(1, 18, 0)"
0.7102193146685636,0.19981649664382903,"(2, 18, 3)","(3, 18, 2)"
0.7167662571434619,0.0006411491163904873,"(0, 19, 3)","(1, 18, 2)"
0.7358536723844651,0.17758685975619193,"(1, 19, 1)","(1, 19, 0)"
0.8059527057491209,0.20537017063463503,"(1, 18, 2)","(1, 18, 3)"
0.8411543191779742,0.15387065577239786,"(3, 19, 2)","(4, 19, 3)"
0.875348880436988,0.15384281817696974,"(3, 19, 1)","(3, 19, 0)"
1.3327190661696449,0.16636501741579718,"(3, 18, 1)","(4, 18, 0)"
1.3493852465808231,0.1663531079631633,"(3, 18, 2)","(3, 18, 3)"
1.479412886498423,0.1260940765950448,"(4, 19, 3)","(4, 19, 2)"
1.4818334770527883,0.12609471808475425,"(3, 19, 0)","(4, 19, 1)"
1.6532731442168824,0.13330322219550664,"(0, 19, 2)","(1, 19, 3)"
1.6649225962857912,0.15367663974049753,"(0, 18, 1)","(1, 18, 0)"
1.672039698355917,0.13326005428950044,"(0, 19, 0)","(1, 19, 1)"
1.6976883248023285,0.1535720729108294,"(0, 18, 3)","(1, 18, 2)"
1.7483776299676066,0.00029606166377456024,"(2, 19, 2)","(3, 18, 3)"
1.8880138872963528,0.0004339150977924877,"(1, 19, 0)","(3, 18, 1)"
1.941981174446994,0.13558969538380153,"(4, 18, 0)","(4, 18, 1)"
1.9430010236969792,0.13559001221071668,"(3, 18, 3)","(4, 18, 2)"
2.0166961711239395,0.10118731998005528,"(4, 19, 2)","(5, 19, 3)"
2.0168152182604473,0.10118739251778577,"(4, 19, 1)","(4, 19, 0)"
2.0200356793768464,0.00036750319141636755,"(1, 19, 1)","(3, 18, 0)"
2.4670259532712464,0.10797594793202436,"(4, 18, 1)","(5, 18, 0)"
2.467069450933664,0.10797597627904917,"(4, 18, 2)","(4, 18, 3)"
2.4737298581484453,0.10128962905730043,"(2, 18, 2)","(2, 19, 3)"
2.4866061792912433,0.07923663896833148,"(5, 19, 3)","(5, 19, 2)"
2.4866104386365464,0.0792366418528813,"(4, 19, 0)","(5, 19, 1)"
2.6136561867766375,0.07593375087615727,"(0, 19, 3)","(0, 19, 2)"
2.6144958185827107,0.07593302972042308,"(0, 19, 1)","(0, 19, 0)"
2.6211276525629046,0.08693729184251596,"(0, 18, 0)","(0, 18, 1)"
2.6227265980412824,0.08693549165275848,"(0, 18, 2)","(0, 18, 3)"
2.899017619768955,0.06033757692642636,"(5, 19, 2)","(6, 19, 3)"
2.8990177332887015,0.06033757699715307,"(5, 19, 1)","(5, 19, 0)"
2.929693172794913,0.08367865890826791,"(5, 18, 0)","(5, 18, 1)"
2.9296945165350934,0.0836786598653826,"(4, 18, 3)","(5, 18, 2)"
3.2585272605314515,0.04450073123401856,"(6, 19, 3)","(6, 19, 2)"
3.258527262811242,0.04450073123519649,"(5, 19, 0)","(6, 19, 1)"
3.3049498085043894,0.0002344379482823235,"(2, 19, 1)","(4, 18, 0)"
3.3372946776329115,0.06283536994990847,"(5, 18, 1)","(6, 18, 0)"
3.3372947082796145,0.06283536996971259,"(5, 18, 2)","(5, 18, 3)"
3.519355159895383,0.205151760137816,"(1, 18, 3)","(1, 19, 2)"
3.5546025623171857,0.5852752587152084,"(0, 18, 2)","(0, 19, 3)"
3.554651485824209,0.5852758779993582,"(0, 18, 0)","(0, 19, 1)"
3.567694946265533,0.03161962006318674,"(6, 19, 2)","(7, 19, 3)"
3.5676949463000085,0.031619620063195714,"(6, 19, 1)","(6, 19, 0)"
3.594578254435504,0.43938630999456874,"(0, 18, 3)","(0, 19, 2)"
3.5971524851735097,0.4394134048842179,"(0, 18, 1)","(0, 19, 0)"
3.6499993859361126,0.31739636754915496,"(1, 18, 2)","(1, 19, 3)"
3.6934394746513988,0.04546798957339369,"(6, 18, 0)","(6, 18, 1)"
3.6934394751710613,0.04546798957366505,"(5, 18, 3)","(6, 18, 2)"
3.7059658971850666,0.31790949298846666,"(1, 18, 0)","(1, 19, 1)"
3.828054861260398,0.02147592444413504,"(7, 19, 3)","(7, 19, 2)"
3.828054861260796,0.021475924444131385,"(6, 19, 0)","(7, 19, 1)"
4.000166917185396,0.031453299104019505,"(6, 18, 1)","(7, 18, 0)"
4.000166917191876,0.03145329910401653,"(6, 18, 2)","(6, 18, 3)"
4.04057245134905,0.013764997320068811,"(7, 19, 2)","(8, 19, 3)"
4.040572451349107,0.013764997320067454,"(7, 19, 1)","(7, 19, 0)"
4.126043861116244,0.21094530878553255,"(1, 18, 1)","(1, 19, 0)"
4.205879086662492,0.008129705739691264,"(7, 19, 0)","(8, 19, 1)"
4.20587908666252,0.008129705739690143,"(8, 19, 3)","(8, 19, 2)"
4.257336801836175,7.836764549720422e-05,"(0, 19, 0)","(2, 18, 1)"
4.258706216869882,0.020534281710073113,"(7, 18, 0)","(7, 18, 1)"
4.258706216870053,0.020534281710075996,"(6, 18, 3)","(7, 18, 2)"
4.324400992314622,0.004194574972552798,"(8, 19, 2)","(9, 19, 3)"
4.324400992314622,0.004194574972554371,"(8, 19, 1)","(8, 19, 0)"
4.396433749087635,0.0015951651652765916,"(9, 19, 3)","(9, 19, 2)"
4.396433749087635,0.0015951651652760409,"(8, 19, 0)","(9, 19, 1)"
4.469833477177787,0.012353020915532045,"(7, 18, 2)","(7, 18, 3)"
4.469833477177815,0.01235302091553214,"(7, 18, 1)","(8, 18, 0)"
4.634057346075025,0.006491966013088684,"(7, 18, 3)","(8, 18, 2)"
4.634057346075082,0.006491966013086493,"(8, 18, 0)","(8, 18, 1)"
4.751721707504714,0.0025146188021945384,"(8, 18, 1)","(9, 18, 0)"
4.751721707504743,0.0025146188021947136,"(8, 18, 2)","(8, 18, 3)"
5.24781258249736,9.701299276585805e-05,"(3, 19, 3)","(4, 18, 2)"
5.284629600485829,0.011526295241800056,"(1, 19, 2)","(3, 19, 3)"
5.4102258681086255,0.012426909297465299,"(1, 18, 1)","(3, 18, 0)"
5.454641011453816,0.13193819209837496,"(2, 18, 0)","(2, 19, 1)"
5.582869214312353,9.57093920687246e-05,"(2, 19, 0)","(4, 18, 1)"
6.2912630006653245,0.006666714780093252,"(1, 18, 0)","(2, 18, 1)"
6.573612823670288,0.0055180109910635605,"(2, 19, 3)","(3, 19, 2)"
6.867653616139776,0.004296313072240585,"(1, 19, 3)","(2, 19, 2)"
7.246696380357207,3.651582889313914e-05,"(1, 19, 3)","(3, 18, 2)"
7.3282602166718505,0.004206374425145794,"(2, 18, 0)","(3, 18, 1)"
7.3566832527782395,0.11454286471159436,"(2, 18, 1)","(2, 19, 0)"
7.862926356621173,2.0999634897176557e-05,"(0, 19, 2)","(2, 18, 3)"
8.04646496718442,3.7798162273681695e-05,"(3, 19, 2)","(4, 18, 3)"
8.083071580282095,3.778310146712005e-05,"(3, 19, 1)","(5, 18, 0)"
8.255352636082648,5.540376318558719e-06,"(0, 19, 1)","(2, 18, 0)"
8.424200581346213,2.108566844443804e-05,"(1, 19, 2)","(3, 18, 3)"
8.729744758637182,0.12889739108291293,"(3, 18, 0)","(3, 19, 1)"
8.76864454067902,0.09687072694735098,"(2, 18, 2)","(3, 19, 3)"
8.955287460431038,0.12787742897498433,"(2, 18, 3)","(3, 19, 2)"
9.238009302673447,0.0012181213598550327,"(0, 18, 1)","(2, 18, 0)"
9.50008720150754,0.13762905899718295,"(3, 18, 1)","(3, 19, 0)"
9.52017341998058,0.13759523383799357,"(3, 18, 2)","(4, 19, 3)"
9.859652598340404,0.0018436028833978847,"(1, 18, 2)","(2, 18, 3)"
9.861386963705044,0.04388041366422176,"(1, 18, 3)","(2, 19, 2)"
9.8828542200023,4.015400037698873e-06,"(0, 19, 3)","(2, 18, 2)"
9.919165803367363,0.0013808490599555782,"(2, 19, 2)","(4, 19, 3)"
10.078048624862689,0.0015905563232197148,"(1, 19, 1)","(2, 19, 0)"
10.07906309319793,0.13834536811445133,"(4, 18, 0)","(4, 19, 1)"
10.080242542708717,0.13834487603840193,"(3, 18, 3)","(4, 19, 2)"
10.081515292313355,0.001797940970913539,"(1, 19, 0)","(3, 19, 1)"
10.12551726154382,0.0008300150058345225,"(0, 19, 2)","(2, 19, 3)"
10.240429727922475,0.0017694893123258088,"(1, 18, 3)","(3, 18, 2)"
10.514232040752418,1.4982552324250236e-05,"(4, 19, 3)","(5, 18, 2)"
10.516769698947655,1.4982508102701963e-05,"(3, 19, 0)","(5, 18, 1)"
10.582164606419354,0.1336515050265704,"(4, 18, 1)","(4, 19, 0)"
10.582213559557331,0.13365151942727085,"(4, 18, 2)","(5, 19, 3)"
10.815526890650318,0.0010954852742236115,"(2, 18, 1)","(4, 18, 0)"
10.863776287661167,0.000883901955484132,"(0, 18, 3)","(2, 18, 2)"
11.028861652476664,0.12520300444134969,"(5, 18, 0)","(5, 19, 1)"
11.028863135737154,0.12520300547912178,"(4, 18, 3)","(5, 19, 2)"
11.392385029874816,0.0006882029524977053,"(0, 19, 0)","(2, 19, 1)"
11.424458238216857,0.11423535012388,"(5, 18, 1)","(5, 19, 0)"
11.424458271560667,0.11423535015418708,"(5, 18, 2)","(6, 19, 3)"
11.472317943842285,0.0010951063701549024,"(2, 19, 1)","(3, 19, 0)"
11.771331010794427,0.10176807795176321,"(6, 18, 0)","(6, 19, 1)"
11.771331011353567,0.10176807795230737,"(5, 18, 3)","(6, 19, 2)"
11.874038564108503,3.4862060134210235e-06,"(2, 19, 3)","(4, 18, 2)"
11.908215521539404,0.0009613919864044379,"(2, 18, 2)","(3, 18, 3)"
12.07073866855589,0.08865784838601931,"(6, 18, 1)","(6, 19, 0)"
12.070738668562882,0.08865784838602087,"(6, 18, 2)","(7, 19, 3)"
12.12224350326305,0.017315239854992046,"(1, 18, 2)","(2, 19, 3)"
12.323393546913849,0.07560679555088082,"(7, 18, 0)","(7, 19, 1)"
12.323393546914048,0.07560679555088445,"(6, 18, 3)","(7, 19, 2)"
12.387317134303657,0.00020406926181000632,"(0, 18, 0)","(1, 18, 1)"
12.529717009290039,0.0631614579461875,"(7, 18, 2)","(8, 19, 3)"
12.529717009290067,0.06316145794618236,"(7, 18, 1)","(7, 19, 0)"
12.689967015201717,0.05171501987996211,"(7, 18, 3)","(8, 19, 2)"
12.689967015201802,0.051715019879963416,"(8, 18, 0)","(8, 19, 1)"
12.744250152943096,0.00019921557597817687,"(0, 18, 2)","(1, 18, 3)"
12.804305907184869,0.041516878819724615,"(8, 18, 1)","(8, 19, 0)"
12.804305907184869,0.041516878819724545,"(8, 18, 2)","(9, 19, 3)"
12.84763066012593,5.856766308034314e-06,"(4, 19, 2)","(5, 18, 3)"
12.847753858574862,5.856769126340996e-06,"(4, 19, 1)","(6, 18, 0)"
12.872838169803458,0.03268951507292708,"(9, 18, 0)","(9, 19, 1)"
12.872838169803572,0.0326895150729248,"(8, 18, 3)","(9, 19, 2)"
13.192668413185842,0.000154772687078417,"(0, 19, 3)","(1, 19, 2)"
13.26600423509285,1.769778757725857e-06,"(0, 19, 0)","(3, 18, 1)"
13.385054101509098,0.000520498713533522,"(3, 19, 3)","(4, 19, 2)"
13.423586648989385,0.00015299902737429122,"(0, 19, 1)","(1, 19, 0)"
13.426311228703966,0.014127286832298327,"(1, 18, 0)","(2, 19, 1)"
13.468238813594468,0.012823123414405082,"(1, 18, 1)","(2, 19, 0)"
13.536892262734767,2.2220853821787654e-06,"(1, 19, 1)","(4, 18, 0)"
13.71995113306329,0.0005135279791108031,"(2, 19, 0)","(4, 19, 1)"
14.06498810429747,0.00043494483604274343,"(3, 18, 0)","(4, 18, 1)"
14.173590480844709,0.008393123672124544,"(0, 18, 3)","(1, 19, 2)"
14.255713200869252,0.00043235490206092214,"(2, 18, 3)","(4, 18, 2)"
14.406243315580184,0.008291639702909482,"(0, 18, 1)","(1, 19, 0)"
15.094423147804804,2.2050626116176665e-06,"(5, 19, 3)","(6, 18, 2)"
15.09442751708761,2.2050626799066756e-06,"(4, 19, 0)","(6, 18, 1)"
15.299930433922,0.00014930665430208136,"(1, 18, 0)","(3, 18, 1)"
15.416758637973643,1.1092586576552225e-06,"(1, 19, 0)","(4, 18, 1)"
15.491764526119681,0.00014411037416931944,"(1, 19, 3)","(3, 19, 2)"
15.521761621688853,0.004258252985857621,"(2, 18, 0)","(3, 19, 1)"
15.588296833130087,0.0030273436542669735,"(0, 18, 2)","(1, 19, 3)"
15.607997813598814,0.003025802283840793,"(0, 18, 0)","(1, 19, 1)"
15.690425322572565,8.007366401004533e-05,"(0, 18, 1)","(3, 18, 0)"
16.161609075808087,0.00023454779575598334,"(3, 19, 2)","(5, 19, 3)"
16.198210233430203,0.00023445461691592063,"(3, 19, 1)","(4, 19, 0)"
16.420431944074394,5.768430122433256e-05,"(0, 19, 2)","(3, 19, 3)"
16.59498875474597,9.807456049157555e-05,"(1, 19, 2)","(4, 19, 3)"
16.707809901352647,0.00019344938750484714,"(3, 18, 1)","(5, 18, 0)"
16.725484067987026,0.00019341832586456715,"(3, 18, 2)","(4, 18, 3)"
16.927082451466546,7.402431309922078e-05,"(1, 18, 1)","(4, 18, 0)"
17.27155319983774,7.792318757803188e-07,"(5, 19, 2)","(6, 18, 3)"
17.271553315554996,7.792318766380664e-07,"(5, 19, 1)","(7, 18, 0)"
18.193294917079072,7.738579285732038e-06,"(0, 18, 0)","(2, 18, 1)"
18.417158185793625,0.0012588256824640407,"(1, 18, 2)","(3, 19, 3)"
18.48549787368495,0.0017345905997648826,"(1, 18, 3)","(3, 19, 2)"
18.61340065995448,0.00010855416103788461,"(4, 19, 3)","(5, 19, 2)"
18.615938178629406,0.00010855384337738327,"(3, 19, 0)","(5, 19, 1)"
18.982895025988213,0.001269592802554654,"(2, 18, 1)","(3, 19, 0)"
19.113999315092798,8.739191564590372e-05,"(4, 18, 0)","(5, 18, 1)"
19.115061696962712,8.739186275532396e-05,"(3, 18, 3)","(5, 18, 2)"
19.534700216995503,4.321404370942766e-06,"(0, 19, 3)","(2, 19, 2)"
20.01128008312024,1.869279120497894e-05,"(2, 19, 3)","(4, 19, 2)"
20.07900369493916,0.0011127451215340361,"(2, 18, 2)","(4, 19, 3)"
20.51562228465437,0.00023706002856868194,"(0, 18, 3)","(2, 19, 2)"
20.85700496734914,1.068125043981174e-05,"(2, 18, 0)","(4, 18, 1)"
20.8946650488718,8.132201930989758e-06,"(0, 18, 3)","(3, 18, 2)"
20.934794223406982,5.0224929795911785e-05,"(4, 19, 2)","(6, 19, 3)"
20.934917419158808,5.022495398621233e-05,"(4, 19, 1)","(5, 19, 0)"
21.41310324673377,3.9116598305485074e-05,"(4, 18, 1)","(6, 18, 0)"
21.41314804855932,3.9116605600246996e-05,"(4, 18, 2)","(5, 18, 3)"
21.459505640109853,7.3156256223228854e-06,"(0, 19, 0)","(3, 19, 1)"
21.55672916665401,9.393618227920678e-06,"(1, 18, 2)","(3, 18, 3)"
21.704260398072662,1.0365448309790954e-05,"(1, 19, 1)","(3, 19, 0)"
21.797950045534378,2.0754992766884643e-06,"(0, 18, 2)","(2, 18, 3)"
22.202070023048407,0.000581222397971892,"(3, 18, 0)","(4, 19, 1)"
22.39295471988099,0.0005777390762349479,"(2, 18, 3)","(4, 19, 2)"
22.76578160146761,1.5751747611276186e-06,"(0, 19, 1)","(2, 19, 0)"
23.17231468398731,2.2808548364881748e-05,"(5, 19, 3)","(6, 19, 2)"
23.172319053230638,2.2808549071115627e-05,"(4, 19, 0)","(6, 19, 1)"
23.493431838939003,0.0001539266700952341,"(1, 18, 0)","(3, 19, 1)"
23.55384055672458,5.948431313401959e-06,"(1, 19, 0)","(4, 19, 1)"
23.636678730927727,1.6989765872237858e-05,"(5, 18, 0)","(6, 18, 1)"
23.636680104250715,1.69897660403832e-05,"(4, 18, 3)","(6, 18, 2)"
23.748438268058408,8.627189450442654e-05,"(0, 18, 1)","(2, 19, 0)"
23.785923614123163,4.444229987596681e-06,"(1, 18, 3)","(4, 18, 2)"
24.060540950457025,2.0445177728201485e-05,"(0, 18, 2)","(2, 19, 3)"
24.822948554500755,0.00029928275681897066,"(3, 18, 1)","(4, 19, 0)"
24.840628176610693,0.00029923440069226133,"(3, 18, 2)","(5, 19, 3)"
25.09445058680444,8.612865738671829e-05,"(1, 18, 1)","(3, 19, 0)"
25.239620559997476,2.3752113235151106e-06,"(2, 19, 2)","(5, 19, 3)"
25.328343145117714,1.694224285857528e-05,"(0, 18, 0)","(2, 19, 1)"
25.342124951208746,9.985736329107218e-06,"(5, 19, 2)","(7, 19, 3)"
25.34212506692549,9.985736339834096e-06,"(5, 19, 1)","(6, 19, 0)"
25.796993820483152,6.9989254375687766e-06,"(5, 18, 1)","(7, 18, 0)"
25.796993851629452,6.998925439655776e-06,"(5, 18, 2)","(6, 18, 3)"
26.19061772583332,1.4150033130570043e-06,"(2, 18, 1)","(5, 18, 0)"
26.7951792968355,1.8817270484017352e-06,"(2, 19, 1)","(4, 19, 0)"
27.21316779477455,0.00015792335798144866,"(4, 18, 0)","(5, 19, 1)"
27.214230316164773,0.0001579232590534757,"(3, 18, 3)","(5, 19, 2)"
27.284314342945606,1.241290507906225e-06,"(2, 18, 2)","(4, 18, 3)"
27.452378368039092,4.1269003698713676e-06,"(6, 19, 3)","(7, 19, 2)"
27.45237837035205,4.12690037001782e-06,"(5, 19, 0)","(7, 19, 1)"
27.90049478829127,2.6532265283921872e-06,"(6, 18, 0)","(7, 18, 1)"
27.900494788817213,2.6532265284900487e-06,"(5, 18, 3)","(7, 18, 2)"
28.994086886100078,1.428916285568177e-05,"(2, 18, 0)","(4, 19, 1)"
29.139733194634275,8.005409061386869e-06,"(0, 18, 3)","(3, 19, 2)"
29.500266807317715,8.367639200206647e-05,"(4, 18, 1)","(5, 19, 0)"
29.500311611840374,8.367640757718236e-05,"(4, 18, 2)","(6, 19, 3)"
29.50778414346229,1.5639468715879944e-06,"(6, 19, 2)","(8, 19, 3)"
29.50778414349722,1.5639468716281743e-06,"(6, 19, 1)","(7, 19, 0)"
29.727517340053765,1.0898790059439889e-05,"(1, 18, 2)","(4, 19, 3)"
29.950944333640848,8.824049918124357e-07,"(6, 18, 1)","(8, 18, 0)"
29.950944333647385,8.824049918108005e-07,"(6, 18, 2)","(7, 18, 3)"
30.3554556329876,1.4222367812061105e-06,"(0, 18, 2)","(3, 19, 3)"
31.714570267070755,4.3840335005892466e-05,"(5, 18, 0)","(6, 19, 1)"
31.71457164043322,4.384033544012006e-05,"(4, 18, 3)","(6, 19, 2)"
31.9231651331349,5.944786605670292e-06,"(1, 18, 3)","(4, 19, 2)"
33.867565571853646,2.2375267745714717e-05,"(5, 18, 1)","(6, 19, 0)"
33.86756560300046,2.2375267752334578e-05,"(5, 18, 2)","(7, 19, 3)"
34.30575637898143,2.190089315672501e-06,"(2, 18, 1)","(4, 19, 0)"
35.399458451569274,1.921218505743447e-06,"(2, 18, 2)","(5, 19, 3)"
35.965182118335235,1.0933435738418292e-05,"(6, 18, 0)","(7, 19, 1)"
35.96518211886121,1.0933435738543206e-05,"(5, 18, 3)","(7, 19, 2)"
38.0108278657531,4.994090896259084e-06,"(6, 18, 1)","(7, 19, 0)"
38.01082786575964,4.994090896222107e-06,"(6, 18, 2)","(8, 19, 3)"
